Workbook

Sheet Sheet1
A1: SUMMARY OUTPUT
A3: Regression Statistics
A4: Multiple R | B4: 0.68422646
A5: R Square | B5: 0.46816585
A6: Adjusted R Square | B6: 0.45464464
A7: Standard Error | B7: 1.0227988
A8: Observations | B8: 243
A10: ANOVA
B11: df | C11: SS | D11: MS | E11: F | F11: Significance F
A12: Regression | B12: 6 | C12: 217.32812 | D12: 36.221353 | E12: 34.62456 | F12: 6.9884728e-30
A13: Residual | B13: 236 | C13: 246.8837 | D13: 1.0461174
A14: Total | B14: 242 | C14: 464.21182
B16: Coefficients | C16: Standard Error | D16: t Stat | E16: P-value | F16: Lower 95% | G16: Upper 95% | H16: Lower 95,0% | I16: Upper 95,0%
A17: Intercept | B17: 0.63844843 | C17: 0.2689553 | D17: 2.3738087 | E17: 0.018407094 | F17: 0.10858852 | G17: 1.1683083 | H17: 0.10858852 | I17: 1.1683083
A18: size | B18: 0.17496437 | C18: 0.089368965 | D18: 1.9577755 | E18: 0.051434839 | F18: -0.0010984649 | G18: 0.35102721 | H18: -0.0010984649 | I18: 0.35102721
A19: total_bill | B19: 0.094263519 | C19: 0.0095613713 | D19: 9.8587865 | E19: 2.0105696e-19 | F19: 0.075426978 | G19: 0.11310006 | H19: 0.075426978 | I19: 0.11310006
A20: sex_num | B20: 0.036632515 | C20: 0.14164818 | D20: 0.25861621 | E20: 0.79615679 | F20: -0.24242386 | G20: 0.31568889 | H20: -0.24242386 | I20: 0.31568889
A21: smoker_num | B21: -0.072844331 | C21: 0.14105133 | D21: -0.51643846 | E21: 0.60603178 | F21: -0.35072488 | G21: 0.20503622 | H21: -0.35072488 | I21: 0.20503622
A22: day_num | B22: 0.053005305 | C22: 0.1205826 | D22: 0.43957671 | E22: 0.66064596 | F22: -0.18455049 | G22: 0.2905611 | H22: -0.18455049 | I22: 0.2905611
A23: time_num | B23: -0.11600626 | C23: 0.30855322 | D23: -0.37596841 | E23: 0.70727812 | F23: -0.72387672 | G23: 0.4918642 | H23: -0.72387672 | I23: 0.4918642

Sheet tips
A1: sex | B1: smoker | C1: day | D1: time | E1: tip | F1: size | G1: total_bill | H1: sex_num | I1: smoker_num | J1: day_num | K1: time_num | L1: predicted_tip | M1: Error | N1: Squared_error | Q1: sex_correl
A2: Female | B2: No | C2: Sun | D2: Dinner | E2: 1.01 | F2: 2 | G2: 16.99 | H2: =IF(A2="Female",1,0) -> 1 | I2: =IF(B2="yes",1,0) -> 0 | J2: =IF(C2="Thur", 1, IF(C2="Fri", 2, IF(C2="Sat", 3, 4))) -> 4 | K2: =IF(D2="Dinner",1, 0) -> 1 | L2: =Sheet1!$B$17+(Sheet1!$B$18*tips!F2)+(Sheet1!$B$19*tips!G2)+(Sheet1!$B$20*tips!H2)+(Sheet1!$B$21*tips!I2)+(Sheet1!$B$22*tips!J2)+(Sheet1!$B$23*tips!K2) -> 2.7225618 | M2: =L2-E2 -> 1.7125618 | N2: =M2^2 -> 2.932868 | Q2: =CORREL(H2:H244,E2:E244) -> -0.085273975
A3: Male | B3: No | C3: Sun | D3: Dinner | E3: 1.66 | F3: 3 | G3: 10.34 | H3: =IF(A3="Female",1,0) -> 0 | I3: =IF(B3="yes",1,0) -> 0 | J3: =IF(C3="Thur", 1, IF(C3="Fri", 2, IF(C3="Sat", 3, 4))) -> 4 | K3: =IF(D3="Dinner",1, 0) -> 1 | L3: =Sheet1!$B$17+(Sheet1!$B$18*tips!F3)+(Sheet1!$B$19*tips!G3)+(Sheet1!$B$20*tips!H3)+(Sheet1!$B$21*tips!I3)+(Sheet1!$B$22*tips!J3)+(Sheet1!$B$23*tips!K3) -> 2.2340413 | M3: =L3-E3 -> 0.57404128 | N3: =M3^2 -> 0.32952339 | Q3: smoker_correl
A4: Male | B4: No | C4: Sun | D4: Dinner | E4: 3.5 | F4: 3 | G4: 21.01 | H4: =IF(A4="Female",1,0) -> 0 | I4: =IF(B4="yes",1,0) -> 0 | J4: =IF(C4="Thur", 1, IF(C4="Fri", 2, IF(C4="Sat", 3, 4))) -> 4 | K4: =IF(D4="Dinner",1, 0) -> 1 | L4: =Sheet1!$B$17+(Sheet1!$B$18*tips!F4)+(Sheet1!$B$19*tips!G4)+(Sheet1!$B$20*tips!H4)+(Sheet1!$B$21*tips!I4)+(Sheet1!$B$22*tips!J4)+(Sheet1!$B$23*tips!K4) -> 3.239833 | M4: =L4-E4 -> -0.26016697 | N4: =M4^2 -> 0.067686854 | Q4: =CORREL(I2:I244,E2:E244) -> 0.00976275
A5: Male | B5: No | C5: Sun | D5: Dinner | E5: 3.31 | F5: 2 | G5: 23.68 | H5: =IF(A5="Female",1,0) -> 0 | I5: =IF(B5="yes",1,0) -> 0 | J5: =IF(C5="Thur", 1, IF(C5="Fri", 2, IF(C5="Sat", 3, 4))) -> 4 | K5: =IF(D5="Dinner",1, 0) -> 1 | L5: =Sheet1!$B$17+(Sheet1!$B$18*tips!F5)+(Sheet1!$B$19*tips!G5)+(Sheet1!$B$20*tips!H5)+(Sheet1!$B$21*tips!I5)+(Sheet1!$B$22*tips!J5)+(Sheet1!$B$23*tips!K5) -> 3.3165523 | M5: =L5-E5 -> 0.0065522505 | N5: =M5^2 -> 4.2931987e-05 | O5: MSE | Q5: day_correl
A6: Female | B6: No | C6: Sun | D6: Dinner | E6: 3.61 | F6: 4 | G6: 24.59 | H6: =IF(A6="Female",1,0) -> 1 | I6: =IF(B6="yes",1,0) -> 0 | J6: =IF(C6="Thur", 1, IF(C6="Fri", 2, IF(C6="Sat", 3, 4))) -> 4 | K6: =IF(D6="Dinner",1, 0) -> 1 | L6: =Sheet1!$B$17+(Sheet1!$B$18*tips!F6)+(Sheet1!$B$19*tips!G6)+(Sheet1!$B$20*tips!H6)+(Sheet1!$B$21*tips!I6)+(Sheet1!$B$22*tips!J6)+(Sheet1!$B$23*tips!K6) -> 3.7888933 | M6: =L6-E6 -> 0.17889331 | N6: =M6^2 -> 0.032002816 | O6: =AVERAGE(N2:N244) -> 1.0159823 | Q6: =CORREL(J2:J244,E2:E244) -> 0.13179753
A7: Male | B7: No | C7: Sun | D7: Dinner | E7: 4.71 | F7: 4 | G7: 25.29 | H7: =IF(A7="Female",1,0) -> 0 | I7: =IF(B7="yes",1,0) -> 0 | J7: =IF(C7="Thur", 1, IF(C7="Fri", 2, IF(C7="Sat", 3, 4))) -> 4 | K7: =IF(D7="Dinner",1, 0) -> 1 | L7: =Sheet1!$B$17+(Sheet1!$B$18*tips!F7)+(Sheet1!$B$19*tips!G7)+(Sheet1!$B$20*tips!H7)+(Sheet1!$B$21*tips!I7)+(Sheet1!$B$22*tips!J7)+(Sheet1!$B$23*tips!K7) -> 3.8182453 | M7: =L7-E7 -> -0.89175474 | N7: =M7^2 -> 0.79522652 | O7: RMSE | Q7: time_correl
A8: Male | B8: No | C8: Sun | D8: Dinner | E8: 2 | F8: 2 | G8: 8.77 | H8: =IF(A8="Female",1,0) -> 0 | I8: =IF(B8="yes",1,0) -> 0 | J8: =IF(C8="Thur", 1, IF(C8="Fri", 2, IF(C8="Sat", 3, 4))) -> 4 | K8: =IF(D8="Dinner",1, 0) -> 1 | L8: =Sheet1!$B$17+(Sheet1!$B$18*tips!F8)+(Sheet1!$B$19*tips!G8)+(Sheet1!$B$20*tips!H8)+(Sheet1!$B$21*tips!I8)+(Sheet1!$B$22*tips!J8)+(Sheet1!$B$23*tips!K8) -> 1.9110832 | M8: =L8-E8 -> -0.088916812 | N8: =M8^2 -> 0.0079061994 | O8: =SQRT(O6) -> 1.0079595 | Q8: =CORREL(K2:K244,E2:E244) -> 0.11759639
A9: Male | B9: No | C9: Sun | D9: Dinner | E9: 3.12 | F9: 4 | G9: 26.88 | H9: =IF(A9="Female",1,0) -> 0 | I9: =IF(B9="yes",1,0) -> 0 | J9: =IF(C9="Thur", 1, IF(C9="Fri", 2, IF(C9="Sat", 3, 4))) -> 4 | K9: =IF(D9="Dinner",1, 0) -> 1 | L9: =Sheet1!$B$17+(Sheet1!$B$18*tips!F9)+(Sheet1!$B$19*tips!G9)+(Sheet1!$B$20*tips!H9)+(Sheet1!$B$21*tips!I9)+(Sheet1!$B$22*tips!J9)+(Sheet1!$B$23*tips!K9) -> 3.9681243 | M9: =L9-E9 -> 0.84812425 | N9: =M9^2 -> 0.71931475 | Q9: size_correl
A10: Male | B10: No | C10: Sun | D10: Dinner | E10: 1.96 | F10: 2 | G10: 15.04 | H10: =IF(A10="Female",1,0) -> 0 | I10: =IF(B10="yes",1,0) -> 0 | J10: =IF(C10="Thur", 1, IF(C10="Fri", 2, IF(C10="Sat", 3, 4))) -> 4 | K10: =IF(D10="Dinner",1, 0) -> 1 | L10: =Sheet1!$B$17+(Sheet1!$B$18*tips!F10)+(Sheet1!$B$19*tips!G10)+(Sheet1!$B$20*tips!H10)+(Sheet1!$B$21*tips!I10)+(Sheet1!$B$22*tips!J10)+(Sheet1!$B$23*tips!K10) -> 2.5021154 | M10: =L10-E10 -> 0.54211545 | N10: =M10^2 -> 0.29388916 | Q10: =CORREL(F2:F244,E2:E244) -> 0.48840039
A11: Male | B11: No | C11: Sun | D11: Dinner | E11: 3.23 | F11: 2 | G11: 14.78 | H11: =IF(A11="Female",1,0) -> 0 | I11: =IF(B11="yes",1,0) -> 0 | J11: =IF(C11="Thur", 1, IF(C11="Fri", 2, IF(C11="Sat", 3, 4))) -> 4 | K11: =IF(D11="Dinner",1, 0) -> 1 | L11: =Sheet1!$B$17+(Sheet1!$B$18*tips!F11)+(Sheet1!$B$19*tips!G11)+(Sheet1!$B$20*tips!H11)+(Sheet1!$B$21*tips!I11)+(Sheet1!$B$22*tips!J11)+(Sheet1!$B$23*tips!K11) -> 2.4776069 | M11: =L11-E11 -> -0.75239307 | N11: =M11^2 -> 0.56609532 | Q11: total_bill_correl
A12: Male | B12: No | C12: Sun | D12: Dinner | E12: 1.71 | F12: 2 | G12: 10.27 | H12: =IF(A12="Female",1,0) -> 0 | I12: =IF(B12="yes",1,0) -> 0 | J12: =IF(C12="Thur", 1, IF(C12="Fri", 2, IF(C12="Sat", 3, 4))) -> 4 | K12: =IF(D12="Dinner",1, 0) -> 1 | L12: =Sheet1!$B$17+(Sheet1!$B$18*tips!F12)+(Sheet1!$B$19*tips!G12)+(Sheet1!$B$20*tips!H12)+(Sheet1!$B$21*tips!I12)+(Sheet1!$B$22*tips!J12)+(Sheet1!$B$23*tips!K12) -> 2.0524785 | M12: =L12-E12 -> 0.34247847 | N12: =M12^2 -> 0.1172915 | Q12: =CORREL(G2:G244,E2:E244) -> 0.67499786
A13: Female | B13: No | C13: Sun | D13: Dinner | E13: 5 | F13: 4 | G13: 35.26 | H13: =IF(A13="Female",1,0) -> 1 | I13: =IF(B13="yes",1,0) -> 0 | J13: =IF(C13="Thur", 1, IF(C13="Fri", 2, IF(C13="Sat", 3, 4))) -> 4 | K13: =IF(D13="Dinner",1, 0) -> 1 | L13: =Sheet1!$B$17+(Sheet1!$B$18*tips!F13)+(Sheet1!$B$19*tips!G13)+(Sheet1!$B$20*tips!H13)+(Sheet1!$B$21*tips!I13)+(Sheet1!$B$22*tips!J13)+(Sheet1!$B$23*tips!K13) -> 4.7946851 | M13: =L13-E13 -> -0.20531495 | N13: =M13^2 -> 0.042154228
A14: Male | B14: No | C14: Sun | D14: Dinner | E14: 1.57 | F14: 2 | G14: 15.42 | H14: =IF(A14="Female",1,0) -> 0 | I14: =IF(B14="yes",1,0) -> 0 | J14: =IF(C14="Thur", 1, IF(C14="Fri", 2, IF(C14="Sat", 3, 4))) -> 4 | K14: =IF(D14="Dinner",1, 0) -> 1 | L14: =Sheet1!$B$17+(Sheet1!$B$18*tips!F14)+(Sheet1!$B$19*tips!G14)+(Sheet1!$B$20*tips!H14)+(Sheet1!$B$21*tips!I14)+(Sheet1!$B$22*tips!J14)+(Sheet1!$B$23*tips!K14) -> 2.5379356 | M14: =L14-E14 -> 0.96793559 | N14: =M14^2 -> 0.9368993
A15: Male | B15: No | C15: Sun | D15: Dinner | E15: 3 | F15: 4 | G15: 18.43 | H15: =IF(A15="Female",1,0) -> 0 | I15: =IF(B15="yes",1,0) -> 0 | J15: =IF(C15="Thur", 1, IF(C15="Fri", 2, IF(C15="Sat", 3, 4))) -> 4 | K15: =IF(D15="Dinner",1, 0) -> 1 | L15: =Sheet1!$B$17+(Sheet1!$B$18*tips!F15)+(Sheet1!$B$19*tips!G15)+(Sheet1!$B$20*tips!H15)+(Sheet1!$B$21*tips!I15)+(Sheet1!$B$22*tips!J15)+(Sheet1!$B$23*tips!K15) -> 3.1715975 | M15: =L15-E15 -> 0.17159752 | N15: =M15^2 -> 0.029445709 | P15: {=av} -> #NAME?
A16: Female | B16: No | C16: Sun | D16: Dinner | E16: 3.02 | F16: 2 | G16: 14.83 | H16: =IF(A16="Female",1,0) -> 1 | I16: =IF(B16="yes",1,0) -> 0 | J16: =IF(C16="Thur", 1, IF(C16="Fri", 2, IF(C16="Sat", 3, 4))) -> 4 | K16: =IF(D16="Dinner",1, 0) -> 1 | L16: =Sheet1!$B$17+(Sheet1!$B$18*tips!F16)+(Sheet1!$B$19*tips!G16)+(Sheet1!$B$20*tips!H16)+(Sheet1!$B$21*tips!I16)+(Sheet1!$B$22*tips!J16)+(Sheet1!$B$23*tips!K16) -> 2.5189526 | M16: =L16-E16 -> -0.50104737 | N16: =M16^2 -> 0.25104847
A17: Male | B17: No | C17: Sun | D17: Dinner | E17: 3.92 | F17: 2 | G17: 21.58 | H17: =IF(A17="Female",1,0) -> 0 | I17: =IF(B17="yes",1,0) -> 0 | J17: =IF(C17="Thur", 1, IF(C17="Fri", 2, IF(C17="Sat", 3, 4))) -> 4 | K17: =IF(D17="Dinner",1, 0) -> 1 | L17: =Sheet1!$B$17+(Sheet1!$B$18*tips!F17)+(Sheet1!$B$19*tips!G17)+(Sheet1!$B$20*tips!H17)+(Sheet1!$B$21*tips!I17)+(Sheet1!$B$22*tips!J17)+(Sheet1!$B$23*tips!K17) -> 3.1185989 | M17: =L17-E17 -> -0.80140114 | N17: =M17^2 -> 0.64224378
A18: Female | B18: No | C18: Sun | D18: Dinner | E18: 1.67 | F18: 3 | G18: 10.33 | H18: =IF(A18="Female",1,0) -> 1 | I18: =IF(B18="yes",1,0) -> 0 | J18: =IF(C18="Thur", 1, IF(C18="Fri", 2, IF(C18="Sat", 3, 4))) -> 4 | K18: =IF(D18="Dinner",1, 0) -> 1 | L18: =Sheet1!$B$17+(Sheet1!$B$18*tips!F18)+(Sheet1!$B$19*tips!G18)+(Sheet1!$B$20*tips!H18)+(Sheet1!$B$21*tips!I18)+(Sheet1!$B$22*tips!J18)+(Sheet1!$B$23*tips!K18) -> 2.2697312 | M18: =L18-E18 -> 0.59973116 | N18: =M18^2 -> 0.35967747
A19: Male | B19: No | C19: Sun | D19: Dinner | E19: 3.71 | F19: 3 | G19: 16.29 | H19: =IF(A19="Female",1,0) -> 0 | I19: =IF(B19="yes",1,0) -> 0 | J19: =IF(C19="Thur", 1, IF(C19="Fri", 2, IF(C19="Sat", 3, 4))) -> 4 | K19: =IF(D19="Dinner",1, 0) -> 1 | L19: =Sheet1!$B$17+(Sheet1!$B$18*tips!F19)+(Sheet1!$B$19*tips!G19)+(Sheet1!$B$20*tips!H19)+(Sheet1!$B$21*tips!I19)+(Sheet1!$B$22*tips!J19)+(Sheet1!$B$23*tips!K19) -> 2.7949092 | M19: =L19-E19 -> -0.91509078 | N19: =M19^2 -> 0.83739114
A20: Female | B20: No | C20: Sun | D20: Dinner | E20: 3.5 | F20: 3 | G20: 16.97 | H20: =IF(A20="Female",1,0) -> 1 | I20: =IF(B20="yes",1,0) -> 0 | J20: =IF(C20="Thur", 1, IF(C20="Fri", 2, IF(C20="Sat", 3, 4))) -> 4 | K20: =IF(D20="Dinner",1, 0) -> 1 | L20: =Sheet1!$B$17+(Sheet1!$B$18*tips!F20)+(Sheet1!$B$19*tips!G20)+(Sheet1!$B$20*tips!H20)+(Sheet1!$B$21*tips!I20)+(Sheet1!$B$22*tips!J20)+(Sheet1!$B$23*tips!K20) -> 2.8956409 | M20: =L20-E20 -> -0.60435907 | N20: =M20^2 -> 0.36524989 | R20: sex | S20: Gender of the customer
A21: Male | B21: No | C21: Sat | D21: Dinner | E21: 3.35 | F21: 3 | G21: 20.65 | H21: =IF(A21="Female",1,0) -> 0 | I21: =IF(B21="yes",1,0) -> 0 | J21: =IF(C21="Thur", 1, IF(C21="Fri", 2, IF(C21="Sat", 3, 4))) -> 3 | K21: =IF(D21="Dinner",1, 0) -> 1 | L21: =Sheet1!$B$17+(Sheet1!$B$18*tips!F21)+(Sheet1!$B$19*tips!G21)+(Sheet1!$B$20*tips!H21)+(Sheet1!$B$21*tips!I21)+(Sheet1!$B$22*tips!J21)+(Sheet1!$B$23*tips!K21) -> 3.1528929 | M21: =L21-E21 -> -0.19710715 | N21: =M21^2 -> 0.038851227 | R21: smoker | S21: Indicates if the customer is a smoker or not
A22: Male | B22: No | C22: Sat | D22: Dinner | E22: 4.08 | F22: 2 | G22: 17.92 | H22: =IF(A22="Female",1,0) -> 0 | I22: =IF(B22="yes",1,0) -> 0 | J22: =IF(C22="Thur", 1, IF(C22="Fri", 2, IF(C22="Sat", 3, 4))) -> 3 | K22: =IF(D22="Dinner",1, 0) -> 1 | L22: =Sheet1!$B$17+(Sheet1!$B$18*tips!F22)+(Sheet1!$B$19*tips!G22)+(Sheet1!$B$20*tips!H22)+(Sheet1!$B$21*tips!I22)+(Sheet1!$B$22*tips!J22)+(Sheet1!$B$23*tips!K22) -> 2.7205891 | M22: =L22-E22 -> -1.3594109 | N22: =M22^2 -> 1.8479981 | R22: day | S22: Day of the restaurant visit
A23: Female | B23: No | C23: Sat | D23: Dinner | E23: 2.75 | F23: 2 | G23: 20.29 | H23: =IF(A23="Female",1,0) -> 1 | I23: =IF(B23="yes",1,0) -> 0 | J23: =IF(C23="Thur", 1, IF(C23="Fri", 2, IF(C23="Sat", 3, 4))) -> 3 | K23: =IF(D23="Dinner",1, 0) -> 1 | L23: =Sheet1!$B$17+(Sheet1!$B$18*tips!F23)+(Sheet1!$B$19*tips!G23)+(Sheet1!$B$20*tips!H23)+(Sheet1!$B$21*tips!I23)+(Sheet1!$B$22*tips!J23)+(Sheet1!$B$23*tips!K23) -> 2.9806261 | M23: =L23-E23 -> 0.23062613 | N23: =M23^2 -> 0.053188413 | R23: time | S23: Indicates whether the tip was for lunch or dinner
A24: Female | B24: No | C24: Sat | D24: Dinner | E24: 2.23 | F24: 2 | G24: 15.77 | H24: =IF(A24="Female",1,0) -> 1 | I24: =IF(B24="yes",1,0) -> 0 | J24: =IF(C24="Thur", 1, IF(C24="Fri", 2, IF(C24="Sat", 3, 4))) -> 3 | K24: =IF(D24="Dinner",1, 0) -> 1 | L24: =Sheet1!$B$17+(Sheet1!$B$18*tips!F24)+(Sheet1!$B$19*tips!G24)+(Sheet1!$B$20*tips!H24)+(Sheet1!$B$21*tips!I24)+(Sheet1!$B$22*tips!J24)+(Sheet1!$B$23*tips!K24) -> 2.554555 | M24: =L24-E24 -> 0.32455503 | N24: =M24^2 -> 0.10533597 | R24: size | S24: Number of members dining
A25: Male | B25: No | C25: Sat | D25: Dinner | E25: 7.58 | F25: 4 | G25: 39.42 | H25: =IF(A25="Female",1,0) -> 0 | I25: =IF(B25="yes",1,0) -> 0 | J25: =IF(C25="Thur", 1, IF(C25="Fri", 2, IF(C25="Sat", 3, 4))) -> 3 | K25: =IF(D25="Dinner",1, 0) -> 1 | L25: =Sheet1!$B$17+(Sheet1!$B$18*tips!F25)+(Sheet1!$B$19*tips!G25)+(Sheet1!$B$20*tips!H25)+(Sheet1!$B$21*tips!I25)+(Sheet1!$B$22*tips!J25)+(Sheet1!$B$23*tips!K25) -> 5.0971835 | M25: =L25-E25 -> -2.4828165 | N25: =M25^2 -> 6.1643779 | R25: total bill | S25: Bill amount in USD
A26: Male | B26: No | C26: Sat | D26: Dinner | E26: 3.18 | F26: 2 | G26: 19.82 | H26: =IF(A26="Female",1,0) -> 0 | I26: =IF(B26="yes",1,0) -> 0 | J26: =IF(C26="Thur", 1, IF(C26="Fri", 2, IF(C26="Sat", 3, 4))) -> 3 | K26: =IF(D26="Dinner",1, 0) -> 1 | L26: =Sheet1!$B$17+(Sheet1!$B$18*tips!F26)+(Sheet1!$B$19*tips!G26)+(Sheet1!$B$20*tips!H26)+(Sheet1!$B$21*tips!I26)+(Sheet1!$B$22*tips!J26)+(Sheet1!$B$23*tips!K26) -> 2.8996898 | M26: =L26-E26 -> -0.28031024 | N26: =M26^2 -> 0.078573829 | R26: tip | S26: Tip amount in USD
A27: Male | B27: No | C27: Sat | D27: Dinner | E27: 2.34 | F27: 4 | G27: 17.81 | H27: =IF(A27="Female",1,0) -> 0 | I27: =IF(B27="yes",1,0) -> 0 | J27: =IF(C27="Thur", 1, IF(C27="Fri", 2, IF(C27="Sat", 3, 4))) -> 3 | K27: =IF(D27="Dinner",1, 0) -> 1 | L27: =Sheet1!$B$17+(Sheet1!$B$18*tips!F27)+(Sheet1!$B$19*tips!G27)+(Sheet1!$B$20*tips!H27)+(Sheet1!$B$21*tips!I27)+(Sheet1!$B$22*tips!J27)+(Sheet1!$B$23*tips!K27) -> 3.0601488 | M27: =L27-E27 -> 0.72014883 | N27: =M27^2 -> 0.51861434
A28: Male | B28: No | C28: Sat | D28: Dinner | E28: 2 | F28: 2 | G28: 13.37 | H28: =IF(A28="Female",1,0) -> 0 | I28: =IF(B28="yes",1,0) -> 0 | J28: =IF(C28="Thur", 1, IF(C28="Fri", 2, IF(C28="Sat", 3, 4))) -> 3 | K28: =IF(D28="Dinner",1, 0) -> 1 | L28: =Sheet1!$B$17+(Sheet1!$B$18*tips!F28)+(Sheet1!$B$19*tips!G28)+(Sheet1!$B$20*tips!H28)+(Sheet1!$B$21*tips!I28)+(Sheet1!$B$22*tips!J28)+(Sheet1!$B$23*tips!K28) -> 2.2916901 | M28: =L28-E28 -> 0.29169007 | N28: =M28^2 -> 0.085083096
A29: Male | B29: No | C29: Sat | D29: Dinner | E29: 2 | F29: 2 | G29: 12.69 | H29: =IF(A29="Female",1,0) -> 0 | I29: =IF(B29="yes",1,0) -> 0 | J29: =IF(C29="Thur", 1, IF(C29="Fri", 2, IF(C29="Sat", 3, 4))) -> 3 | K29: =IF(D29="Dinner",1, 0) -> 1 | L29: =Sheet1!$B$17+(Sheet1!$B$18*tips!F29)+(Sheet1!$B$19*tips!G29)+(Sheet1!$B$20*tips!H29)+(Sheet1!$B$21*tips!I29)+(Sheet1!$B$22*tips!J29)+(Sheet1!$B$23*tips!K29) -> 2.2275909 | M29: =L29-E29 -> 0.22759088 | N29: =M29^2 -> 0.051797607
A30: Male | B30: No | C30: Sat | D30: Dinner | E30: 4.3 | F30: 2 | G30: 21.7 | H30: =IF(A30="Female",1,0) -> 0 | I30: =IF(B30="yes",1,0) -> 0 | J30: =IF(C30="Thur", 1, IF(C30="Fri", 2, IF(C30="Sat", 3, 4))) -> 3 | K30: =IF(D30="Dinner",1, 0) -> 1 | L30: =Sheet1!$B$17+(Sheet1!$B$18*tips!F30)+(Sheet1!$B$19*tips!G30)+(Sheet1!$B$20*tips!H30)+(Sheet1!$B$21*tips!I30)+(Sheet1!$B$22*tips!J30)+(Sheet1!$B$23*tips!K30) -> 3.0769052 | M30: =L30-E30 -> -1.2230948 | N30: =M30^2 -> 1.4959609
A31: Female | B31: No | C31: Sat | D31: Dinner | E31: 3 | F31: 2 | G31: 19.65 | H31: =IF(A31="Female",1,0) -> 1 | I31: =IF(B31="yes",1,0) -> 0 | J31: =IF(C31="Thur", 1, IF(C31="Fri", 2, IF(C31="Sat", 3, 4))) -> 3 | K31: =IF(D31="Dinner",1, 0) -> 1 | L31: =Sheet1!$B$17+(Sheet1!$B$18*tips!F31)+(Sheet1!$B$19*tips!G31)+(Sheet1!$B$20*tips!H31)+(Sheet1!$B$21*tips!I31)+(Sheet1!$B$22*tips!J31)+(Sheet1!$B$23*tips!K31) -> 2.9202975 | M31: =L31-E31 -> -0.07970252 | N31: =M31^2 -> 0.0063524916
A32: Male | B32: No | C32: Sat | D32: Dinner | E32: 1.45 | F32: 2 | G32: 9.55 | H32: =IF(A32="Female",1,0) -> 0 | I32: =IF(B32="yes",1,0) -> 0 | J32: =IF(C32="Thur", 1, IF(C32="Fri", 2, IF(C32="Sat", 3, 4))) -> 3 | K32: =IF(D32="Dinner",1, 0) -> 1 | L32: =Sheet1!$B$17+(Sheet1!$B$18*tips!F32)+(Sheet1!$B$19*tips!G32)+(Sheet1!$B$20*tips!H32)+(Sheet1!$B$21*tips!I32)+(Sheet1!$B$22*tips!J32)+(Sheet1!$B$23*tips!K32) -> 1.9316034 | M32: =L32-E32 -> 0.48160343 | N32: =M32^2 -> 0.23194186
A33: Male | B33: No | C33: Sat | D33: Dinner | E33: 2.5 | F33: 4 | G33: 18.35 | H33: =IF(A33="Female",1,0) -> 0 | I33: =IF(B33="yes",1,0) -> 0 | J33: =IF(C33="Thur", 1, IF(C33="Fri", 2, IF(C33="Sat", 3, 4))) -> 3 | K33: =IF(D33="Dinner",1, 0) -> 1 | L33: =Sheet1!$B$17+(Sheet1!$B$18*tips!F33)+(Sheet1!$B$19*tips!G33)+(Sheet1!$B$20*tips!H33)+(Sheet1!$B$21*tips!I33)+(Sheet1!$B$22*tips!J33)+(Sheet1!$B$23*tips!K33) -> 3.1110511 | M33: =L33-E33 -> 0.61105113 | N33: =M33^2 -> 0.37338349
A34: Female | B34: No | C34: Sat | D34: Dinner | E34: 3 | F34: 2 | G34: 15.06 | H34: =IF(A34="Female",1,0) -> 1 | I34: =IF(B34="yes",1,0) -> 0 | J34: =IF(C34="Thur", 1, IF(C34="Fri", 2, IF(C34="Sat", 3, 4))) -> 3 | K34: =IF(D34="Dinner",1, 0) -> 1 | L34: =Sheet1!$B$17+(Sheet1!$B$18*tips!F34)+(Sheet1!$B$19*tips!G34)+(Sheet1!$B$20*tips!H34)+(Sheet1!$B$21*tips!I34)+(Sheet1!$B$22*tips!J34)+(Sheet1!$B$23*tips!K34) -> 2.4876279 | M34: =L34-E34 -> -0.51237207 | N34: =M34^2 -> 0.26252514
A35: Female | B35: No | C35: Sat | D35: Dinner | E35: 2.45 | F35: 4 | G35: 20.69 | H35: =IF(A35="Female",1,0) -> 1 | I35: =IF(B35="yes",1,0) -> 0 | J35: =IF(C35="Thur", 1, IF(C35="Fri", 2, IF(C35="Sat", 3, 4))) -> 3 | K35: =IF(D35="Dinner",1, 0) -> 1 | L35: =Sheet1!$B$17+(Sheet1!$B$18*tips!F35)+(Sheet1!$B$19*tips!G35)+(Sheet1!$B$20*tips!H35)+(Sheet1!$B$21*tips!I35)+(Sheet1!$B$22*tips!J35)+(Sheet1!$B$23*tips!K35) -> 3.3682603 | M35: =L35-E35 -> 0.91826028 | N35: =M35^2 -> 0.84320194
A36: Male | B36: No | C36: Sat | D36: Dinner | E36: 3.27 | F36: 2 | G36: 17.78 | H36: =IF(A36="Female",1,0) -> 0 | I36: =IF(B36="yes",1,0) -> 0 | J36: =IF(C36="Thur", 1, IF(C36="Fri", 2, IF(C36="Sat", 3, 4))) -> 3 | K36: =IF(D36="Dinner",1, 0) -> 1 | L36: =Sheet1!$B$17+(Sheet1!$B$18*tips!F36)+(Sheet1!$B$19*tips!G36)+(Sheet1!$B$20*tips!H36)+(Sheet1!$B$21*tips!I36)+(Sheet1!$B$22*tips!J36)+(Sheet1!$B$23*tips!K36) -> 2.7073922 | M36: =L36-E36 -> -0.56260781 | N36: =M36^2 -> 0.31652755
A37: Male | B37: No | C37: Sat | D37: Dinner | E37: 3.6 | F37: 3 | G37: 24.06 | H37: =IF(A37="Female",1,0) -> 0 | I37: =IF(B37="yes",1,0) -> 0 | J37: =IF(C37="Thur", 1, IF(C37="Fri", 2, IF(C37="Sat", 3, 4))) -> 3 | K37: =IF(D37="Dinner",1, 0) -> 1 | L37: =Sheet1!$B$17+(Sheet1!$B$18*tips!F37)+(Sheet1!$B$19*tips!G37)+(Sheet1!$B$20*tips!H37)+(Sheet1!$B$21*tips!I37)+(Sheet1!$B$22*tips!J37)+(Sheet1!$B$23*tips!K37) -> 3.4743315 | M37: =L37-E37 -> -0.12566855 | N37: =M37^2 -> 0.015792584
A38: Male | B38: No | C38: Sat | D38: Dinner | E38: 2 | F38: 3 | G38: 16.31 | H38: =IF(A38="Female",1,0) -> 0 | I38: =IF(B38="yes",1,0) -> 0 | J38: =IF(C38="Thur", 1, IF(C38="Fri", 2, IF(C38="Sat", 3, 4))) -> 3 | K38: =IF(D38="Dinner",1, 0) -> 1 | L38: =Sheet1!$B$17+(Sheet1!$B$18*tips!F38)+(Sheet1!$B$19*tips!G38)+(Sheet1!$B$20*tips!H38)+(Sheet1!$B$21*tips!I38)+(Sheet1!$B$22*tips!J38)+(Sheet1!$B$23*tips!K38) -> 2.7437892 | M38: =L38-E38 -> 0.74378918 | N38: =M38^2 -> 0.55322235
... A244: Female | B244: No | C244: Thur | D244: Dinner | E244: 3 | F244: 2 | G244: 18.78 | H244: =IF(A244="Female",1,0) -> 1 | I244: =IF(B244="yes",1,0) -> 0 | J244: =IF(C244="Thur", 1, IF(C244="Fri", 2, IF(C244="Sat", 3, 4))) -> 1 | K244: =IF(D244="Dinner",1, 0) -> 1 | L244: =Sheet1!$B$17+(Sheet1!$B$18*tips!F244)+(Sheet1!$B$19*tips!G244)+(Sheet1!$B$20*tips!H244)+(Sheet1!$B$21*tips!I244)+(Sheet1!$B$22*tips!J244)+(Sheet1!$B$23*tips!K244) -> 2.7322776 | M244: =L244-E244 -> -0.26772239 | N244: =M244^2 -> 0.071675279
B249: Predicted Tip = Intercept + (Size_Coefficient * size) + (Total_Bill_Coefficient * total_bill) + (Sex_Coefficient * sex_num) + (Smoker_Coefficient * smoker_num) + (Day_Coefficient * day_num) + (Time_Coefficient * time_num)
